id,first_name,last_name,email,gender
1,Christy,Foulger,cfoulger0@samsung.com,Female
2,Carney,Whitington,cwhitington1@mapquest.com,Male
3,Shandra,Fantin,sfantin2@marriott.com,Female
4,Brose,Fink,bfink3@1688.com,Male
5,Aldric,Grimsdith,agrimsdith4@reference.com,Male
6,Baxter,McLemon,bmclemon5@illinois.edu,Male
7,Annalee,Molyneux,amolyneux6@exblog.jp,Female
8,Kira,Pudge,kpudge7@yale.edu,Female
9,Kippy,Tourry,ktourry8@jalbum.net,Male
10,Franklyn,Deeprose,fdeeprose9@mapquest.com,Male
